{
  "allShrunk": true,
  "buckets": [
    "21-28",
    "29-36",
    "37-44",
    "45-52"
  ],
  "candidatePairs": [
    [
      3,
      6
    ],
    [
      4,
      8
    ],
    [
      2,
      10
    ],
    [
      4,
      12
    ]
  ],
  "inputs": {
    "v4Stats": {
      "path": "bench/edax-compare/t156_mpc_pilot_stats.json",
      "sha256": "080fca766c57c622192f3656e9012ef2b383408b4f97aa5aed6af656b760bb49"
    },
    "v6Stats": {
      "path": "bench/edax-compare/t172_v6_pilot_stats.json",
      "sha256": "a4a419cf28a77b52d2b60a85155bc36c9567d291e5015861fb2a39eb1056d2ba"
    }
  },
  "majorityShrunk": true,
  "meanSigmaRatioV6OverV4": 0.511517559580874,
  "noneShrunk": false,
  "rowCount": 16,
  "rows": [
    {
      "deepDepth": 6,
      "emptyBucket": "21-28",
      "shallowDepth": 3,
      "sigmaRatioV6OverV4": 0.5641078206110859,
      "sigmaShrunk": true,
      "v4FitN": 48,
      "v4Intercept": -616.6844867647368,
      "v4NodeRatioMedianAll": 0.04188867960029447,
      "v4ResidualSigma": 501.8265035686773,
      "v4Slope": 1.0148803213782571,
      "v6FitN": 48,
      "v6Intercept": -246.22676668156663,
      "v6NodeRatioMedianAll": 0.04184686382382209,
      "v6ResidualSigma": 283.0842552530079,
      "v6Slope": 0.9593262707967897
    },
    {
      "deepDepth": 6,
      "emptyBucket": "29-36",
      "shallowDepth": 3,
      "sigmaRatioV6OverV4": 0.5152516152072389,
      "sigmaShrunk": true,
      "v4FitN": 48,
      "v4Intercept": -665.1034585531428,
      "v4NodeRatioMedianAll": 0.027728728897951683,
      "v4ResidualSigma": 648.1577345313309,
      "v4Slope": 0.8808365019661932,
      "v6FitN": 48,
      "v6Intercept": -232.0596243691262,
      "v6NodeRatioMedianAll": 0.03338878419970691,
      "v6ResidualSigma": 333.96431962633307,
      "v6Slope": 1.024844379172159
    },
    {
      "deepDepth": 6,
      "emptyBucket": "37-44",
      "shallowDepth": 3,
      "sigmaRatioV6OverV4": 0.4233189392742649,
      "sigmaShrunk": true,
      "v4FitN": 48,
      "v4Intercept": -920.8634044352225,
      "v4NodeRatioMedianAll": 0.02830436543575114,
      "v4ResidualSigma": 627.6840274311602,
      "v4Slope": 0.6457430029015848,
      "v6FitN": 48,
      "v6Intercept": -218.1008172485355,
      "v6NodeRatioMedianAll": 0.03184674056650952,
      "v6ResidualSigma": 265.7105366915573,
      "v6Slope": 0.9550116777413269
    },
    {
      "deepDepth": 6,
      "emptyBucket": "45-52",
      "shallowDepth": 3,
      "sigmaRatioV6OverV4": 0.34294825737082224,
      "sigmaShrunk": true,
      "v4FitN": 48,
      "v4Intercept": -751.753605461018,
      "v4NodeRatioMedianAll": 0.026478864372763748,
      "v4ResidualSigma": 861.0652115371216,
      "v4Slope": 0.4166977532009903,
      "v6FitN": 48,
      "v6Intercept": 70.39155826323613,
      "v6NodeRatioMedianAll": 0.030714630443802318,
      "v6ResidualSigma": 295.3008137792943,
      "v6Slope": 0.5566477519521046
    },
    {
      "deepDepth": 8,
      "emptyBucket": "21-28",
      "shallowDepth": 4,
      "sigmaRatioV6OverV4": 0.7483789397756974,
      "sigmaShrunk": true,
      "v4FitN": 48,
      "v4Intercept": 137.51057089080535,
      "v4NodeRatioMedianAll": 0.018913017867405256,
      "v4ResidualSigma": 510.0539359764061,
      "v4Slope": 0.9978447158494179,
      "v6FitN": 48,
      "v6Intercept": 34.22753397919498,
      "v6NodeRatioMedianAll": 0.017277877831501948,
      "v6ResidualSigma": 381.7136238344442,
      "v6Slope": 1.0041789915323636
    },
    {
      "deepDepth": 8,
      "emptyBucket": "29-36",
      "shallowDepth": 4,
      "sigmaRatioV6OverV4": 0.4366214236901807,
      "sigmaShrunk": true,
      "v4FitN": 48,
      "v4Intercept": 113.73489546562843,
      "v4NodeRatioMedianAll": 0.011643921300855259,
      "v4ResidualSigma": 669.9849013574517,
      "v4Slope": 0.8829131119988851,
      "v6FitN": 48,
      "v6Intercept": 13.369209356585657,
      "v6NodeRatioMedianAll": 0.013038979313480241,
      "v6ResidualSigma": 292.5297614816158,
      "v6Slope": 1.0654367301355951
    },
    {
      "deepDepth": 8,
      "emptyBucket": "37-44",
      "shallowDepth": 4,
      "sigmaRatioV6OverV4": 0.3713635315454863,
      "sigmaShrunk": true,
      "v4FitN": 48,
      "v4Intercept": -119.61150635159152,
      "v4NodeRatioMedianAll": 0.010080146365264189,
      "v4ResidualSigma": 567.1515868143942,
      "v4Slope": 0.6547113583257265,
      "v6FitN": 48,
      "v6Intercept": -27.73379739132302,
      "v6NodeRatioMedianAll": 0.011444843865748188,
      "v6ResidualSigma": 210.6194162010199,
      "v6Slope": 1.004186234581709
    },
    {
      "deepDepth": 8,
      "emptyBucket": "45-52",
      "shallowDepth": 4,
      "sigmaRatioV6OverV4": 0.3657431767667646,
      "sigmaShrunk": true,
      "v4FitN": 48,
      "v4Intercept": -212.63171439464594,
      "v4NodeRatioMedianAll": 0.009776434161961065,
      "v4ResidualSigma": 729.017049396366,
      "v4Slope": 0.36355632544422345,
      "v6FitN": 48,
      "v6Intercept": -81.4306420840906,
      "v6NodeRatioMedianAll": 0.011110538428316228,
      "v6ResidualSigma": 266.63301156336024,
      "v6Slope": 0.801671338530375
    },
    {
      "deepDepth": 10,
      "emptyBucket": "21-28",
      "shallowDepth": 2,
      "sigmaRatioV6OverV4": 0.7777877555294739,
      "sigmaShrunk": true,
      "v4FitN": 48,
      "v4Intercept": -22.651092521723612,
      "v4NodeRatioMedianAll": 0.00024080624876654448,
      "v4ResidualSigma": 625.5510313216793,
      "v4Slope": 0.8868571668736905,
      "v6FitN": 48,
      "v6Intercept": 23.000033514111657,
      "v6NodeRatioMedianAll": 0.00024922136540803103,
      "v6ResidualSigma": 486.54593262083654,
      "v6Slope": 0.9390566974150305
    },
    {
      "deepDepth": 10,
      "emptyBucket": "29-36",
      "shallowDepth": 2,
      "sigmaRatioV6OverV4": 0.5141037541077172,
      "sigmaShrunk": true,
      "v4FitN": 48,
      "v4Intercept": 22.90721841322501,
      "v4NodeRatioMedianAll": 0.00010832172727141222,
      "v4ResidualSigma": 678.3077717462495,
      "v4Slope": 0.7983456495945411,
      "v6FitN": 48,
      "v6Intercept": 15.384403416425926,
      "v6NodeRatioMedianAll": 0.0001291226709358666,
      "v6ResidualSigma": 348.72057189518745,
      "v6Slope": 1.0255128241499534
    },
    {
      "deepDepth": 10,
      "emptyBucket": "37-44",
      "shallowDepth": 2,
      "sigmaRatioV6OverV4": 0.5111088074047645,
      "sigmaShrunk": true,
      "v4FitN": 48,
      "v4Intercept": -122.01257216961221,
      "v4NodeRatioMedianAll": 8.002875161126114e-05,
      "v4ResidualSigma": 667.9867402269338,
      "v4Slope": 0.6766735440451822,
      "v6FitN": 48,
      "v6Intercept": -46.14061623628222,
      "v6NodeRatioMedianAll": 0.0001088694144693358,
      "v6ResidualSigma": 341.4139061595843,
      "v6Slope": 1.0004656852120166
    },
    {
      "deepDepth": 10,
      "emptyBucket": "45-52",
      "shallowDepth": 2,
      "sigmaRatioV6OverV4": 0.3476911740529132,
      "sigmaShrunk": true,
      "v4FitN": 48,
      "v4Intercept": -308.45658855938507,
      "v4NodeRatioMedianAll": 8.184694221258949e-05,
      "v4ResidualSigma": 770.9446378703542,
      "v4Slope": 0.30576486268458286,
      "v6FitN": 48,
      "v6Intercept": -74.89986516882401,
      "v6NodeRatioMedianAll": 0.00010879627132687172,
      "v6ResidualSigma": 268.05064627094146,
      "v6Slope": 0.8064145964490281
    },
    {
      "deepDepth": 12,
      "emptyBucket": "21-28",
      "shallowDepth": 4,
      "sigmaRatioV6OverV4": 0.7080689240841983,
      "sigmaShrunk": true,
      "v4FitN": 48,
      "v4Intercept": 183.86367916239848,
      "v4NodeRatioMedianAll": 0.00067108821401056,
      "v4ResidualSigma": 525.0283600142112,
      "v4Slope": 0.9757299632839567,
      "v6FitN": 48,
      "v6Intercept": 93.10671233508239,
      "v6NodeRatioMedianAll": 0.0005981198364231697,
      "v6ResidualSigma": 371.75626598895366,
      "v6Slope": 0.9958519351333484
    },
    {
      "deepDepth": 12,
      "emptyBucket": "29-36",
      "shallowDepth": 4,