{
  "analysis": "confirmation match: selected t vs T175 P1 baseline (t=1.5), first N openings",
  "bootstrapSamples": 100000,
  "bootstrapSeed": 176004,
  "inputs": {
    "baseline": {
      "path": "bench/edax-compare/endgame-results/t175-p1-vs-edax-lv12-results-full.json",
      "sha256": "85f9194a22404bdc2c5c9301ee340af93fad85d81fdc77d405e1485366a6b7a0"
    },
    "candidate": {
      "path": "bench/edax-compare/endgame-results/t176-p1-t10-vs-edax-lv12-results.json",
      "sha256": "4cf4db5d02638386a4a2c315a3fa0f963ce505fa05fce1f5e155c337f5ed74f2"
    }
  },
  "result": {
    "gameLevel": {
      "baselineMean": -3.4,
      "candidateMean": -1.6666666666666667,
      "ci95": [
        -1.8,
        5.533333333333333
      ],
      "meanDiff": 1.7333333333333334,
      "n": 30,
      "signTestP": 0.6830913983096085
    },
    "openingIds": [
      "primary-01",
      "primary-02",
      "primary-03",
      "primary-04",
      "primary-05",
      "primary-06",
      "primary-07",
      "primary-08",
      "primary-09",
      "primary-10",
      "primary-11",
      "primary-12",
      "primary-13",
      "primary-14",
      "primary-15"
    ],
    "openingLevel": {
      "baselineMean": -3.4,
      "candidateMean": -1.6666666666666667,
      "ci95": [
        -2.3333333333333335,
        6.0
      ],
      "meanDiff": 1.7333333333333334,
      "n": 15,
      "signTestP": 0.4385780260809997
    },
    "timing": {
      "baselineMoveCount": 745,
      "baselineMoveMsMean": 1741.318120805369,
      "baselineMoveNodesMean": 9570877.429530201,
      "baselineWallClockSecMean": 51.2552,
      "candidateMoveCount": 744,
      "candidateMoveMsMean": 1835.0040322580646,
      "candidateMoveNodesMean": 12060475.413978495,
      "candidateWallClockSecMean": 53.52033333333333,
      "moveMsReductionPercent": -5.380172085349066,
      "nodeReductionPercent": -26.01222304620505,
      "note": "elapsedMs/wallClockSecは壁時計ベースで、baseline(T175 P1)とcandidate(本タスク)は別々のプロセス実行(実行時刻・システム負荷が異なりうる)のため、マシン負荷変動の影響を受ける参考値に留める。決定的で比較に適した指標はmoveNodesMean/nodeReductionPercent(ノード数、壁時計に依存しない)。",
      "wallClockReductionPercent": -4.419323958024424
    }
  },
  "schemaVersion": 1,
  "task": "T176"
}
